Name,School,Draft,NFL Team,Awards,Year
Brock Berlin,FloridaMiami (FL)[6],Undrafted,Miami DolphinsDallas CowboysSt. Louis RamsDetroit Lions,1997 ESPN RISE National High School Sophomore Player of the YearElite 11 MVP1999 USA Today National Offensive High School Player of the Year2000Gatorade National Player of the Year,1999
Matt Cassel,USC[7],2005 Rd. 7,New England PatriotsKansas City ChiefsMinnesota VikingsBuffalo BillsDallas CowboysTennessee Titans[8]Detroit Lions,"2x National Champion (2003,2004)",1999
Casey Clausen,Tennessee[9],Undrafted,Kansas City Chiefs[9],2002 Florida Citrus BowlMVP,1999
Matt LoVecchio,Notre DameIndiana,Undrafted,New York Giants,None,1999
Chance Mock,Texas[10],Undrafted,None,None,1999
John Rattay,TennesseeArizonaPasadena City,Undrafted,None,None,1999
Chris Rix,Florida State,Undrafted,None,2001ACC Freshman of the Year,1999
Jeff Smoker,Michigan State[11],2004 Rd. 6,St. Louis RamsPhiladelphia EaglesKansas City Chiefs[11],2003 All-Big Ten Second Team by Coaches and Media,1999
Jon Van Cleave,Louisiana-Lafayette,Undrafted,None,None,1999
Zac Wasserman,Penn StateLos Angeles ValleyCalifornia,Undrafted,None,None,1999
Roman Ybarra,UCLAPalomarIdaho State,Undrafted,None,None,1999
Derek Anderson,Oregon State,2005 Rd. 6,Baltimore RavensCleveland BrownsArizona CardinalsCarolina Panthers[13]Buffalo Bills,2004 All-Pac-10 Second Team2004 Insight BowlOffensive MVP2008 Pro BowlSelection,2000
Kellen Clemens,Oregon,2006 Rd. 2,New York JetsWashington RedskinsHouston TexansSt. Louis RamsSan Diego/Los Angeles Chargers,None,2000
Nic Costa,ArizonaPortland State,Undrafted,None,None,2000
Brodie Croyle,Alabama[14],2006 Rd. 3,Kansas City ChiefsArizona Cardinals[14],Elite 11 MVP2006 Cotton Bowl ClassicMVP,2000
Billy Hart,USC,Undrafted,None,None,2000
Matt Leinart,USC[7],2006 Rd. 1,Arizona CardinalsHouston TexansOakland RaidersBuffalo Bills[15],"2004Heisman Trophy2004Walter Camp Award2004Johnny Unitas Golden Arm Award2004Manning Award2xCollege Football Quarterback of the Year Award(2004, 2005)2004Associated Press College Football Player of the Year Award2004 Rose BowlMVP2x National Champion (2003, 2004)2005 Orange BowlMVP",2000
Ingle Martin,FloridaFurman,2006 Rd. 5,Green Bay PackersTennessee TitansKansas City ChiefsDenver Broncos[16],None,2000
Adrian McPherson,Florida State,2005 Rd. 5,New Orleans Saints,None,2000
Kyle Orton,Purdue,2005 Rd. 4,Chicago BearsDenver BroncosKansas City ChiefsDallas CowboysBuffalo Bills[17],2004 All-Big Ten First Team by Media & Second Team by Coaches,2000
Casey Paus,Washington,Undrafted,None,None,2000
D. J. Shockley,Georgia[18],2006 Rd. 7,Atlanta Falcons[18],2005 All-SEC First Team by AP & Second Team by Coaches,2000
Paul Troth,East CarolinaLiberty,Undrafted,None,None,2000
Gavin Dickey,Florida,Undrafted,None,None,2001
Trent Edwards,Stanford,2007 Rd. 3,Buffalo BillsJacksonville JaguarsOakland RaidersPhiladelphia EaglesChicago Bears[20],None,2001
Matt Gutierrez,MichiganIdaho State[21],Undrafted,New England PatriotsKansas City ChiefsChicago BearsWashington Redskins[21]St. Louis Rams[22],None,2001
Anthony Martinez,Virginia,Undrafted,None,None,2001
Ryan O'Hara,ArizonaScottsdale CCCentral Oklahoma[23],Undrafted,None,None,2001
Ben Olson,BYUUCLA,Undrafted,None,Elite 11 MVP,2001
Drew Olson,UCLA[24],Undrafted,Baltimore RavensCarolina PanthersSan Francisco 49ers[24],2005 All-Pac-10 Second Team,2001
Tyler Palko,Pittsburgh[25],Undrafted,New Orleans SaintsArizona CardinalsPittsburgh SteelersKansas City Chiefs[25],2004 All-Big East Second Team2005 All-Big East Second Team,2001
Troy Smith,Ohio State,2007 Rd. 5,Baltimore RavensSan Francisco 49ersPittsburgh Steelers,2006Heisman Trophy2006Associated Press College Football Player of the Year Award2006College Football Quarterback of the Year Award2006Walter Camp Award2006Davey O'Brien Award2006 Fiesta BowlMVP,2001
Drew Stanton,Michigan State,2007 Rd. 2,Detroit LionsNew York JetsIndianapolis ColtsArizona CardinalsCleveland BrownsTampa Bay Buccaneers,Super Bowl champion (2020),2001
Vince Young,Texas[10],2006 Rd. 1,Tennessee TitansPhiladelphia EaglesBuffalo BillsGreen Bay PackersCleveland Browns[26],"2003Big 12 Offensive Freshman of the Year2005Maxwell Award2005Manning Award2005Davey O'Brien Award2005 National Champion2xRose BowlMVP (2005,2006)2005Big 12 Offensive Player of the Year2006AP NFL Offensive Rookie of the Year2006Diet Pepsi NFL Rookie of the Year2007 Pro BowlSelection",2001
Justin Zwick,Ohio State[27],Undrafted,Carolina Panthers[27],None,2001
Mike Affleck,Arizona StateBYUDixie StateUtah State[29],Undrafted,None,None,2002
Dennis Dixon,Oregon,2008 Rd. 5,Pittsburgh SteelersBaltimore RavensPhiladelphia EaglesBuffalo BillsArizona Cardinals,2007Pac-10 Offensive Player of the YearSuper Bowl XLIIIChampion,2002
Tommy Grady,OklahomaUtah,Undrafted,Miami Dolphins,"First-Team All-Arena QB (2012)AFL Offensive Player of the Year(2012)National GuardMVP of the Year (2012)AFL Single Season Record for touchdown passes (142 in 2012)AFL Single Season Record for passing yards (5,863 in 2102)AFL Single Season Record for passing completions (508 in 2012)AFL Single Game Record for touchdown passes (12 in 2012)",2002
Robert Lane,Ole Miss,Undrafted,None,None,2002
Chris Leak,Florida[30],Undrafted,Chicago Bears[30],2000 ESPN RISE National High School Sophomore Player of the Year2001 ESPN RISE National High School Junior Player of the Year2002Hall Trophy2002 USA Today National Offensive High School Player of the Year2006 All-SEC Second Team by Coaches2006 National Champion2007 BCS National Championship GameMVP,2002
Justin Midgett,FloridaEastern Illinois,Undrafted,None,None,2002
Blake Mitchell,South Carolina,Undrafted,None,None,2002
T. C. Ostrander,Stanford,Undrafted,New Orleans Saints[31],None,2002
Clayton Richard,Michigan,Undrafted,None,PitcherforChicago White SoxandSan Diego Padres,2002
JaMarcus Russell,LSU,2007 Rd. 1,Oakland Raiders[32],2003 National Champion2006 All-SEC First Team by Coaches and AP2006Manning Award2007 NFL DraftNumber One Overall Selection,2002
Andre' Woodson,Kentucky,2008 Rd. 6,New York GiantsWashington Redskins[33],"2xMusic City BowlMVP (2006,2007)2006 All-SEC Second Team by Coaches and AP2007 All-SEC Second Team by Coaches and AP",2002
Kyle Wright,Miami (FL)[34],Undrafted,Minnesota VikingsSan Francisco 49ers[34],Elite 11 MVP2003Gatorade National Player of the Year,2002
Rhett Bomar,OklahomaSam Houston State[36],2009 Rd. 5,New York GiantsMinnesota Vikings[37]Oakland Raiders[38],2002Rivals.comHigh School Junior of the YearElite 11 co-MVP2005 Holiday BowlOffensive MVP,2003
John David Booty,USC,2008 Rd. 5,Minnesota VikingsTennessee TitansHouston Texans,"2001 ESPN RISE National High School Sophomore Player of the Year2006 All-Pac-10 First Team2008 Rose BowlOffensive MVP2x National Champion (2003, 2004)",2003
A.J. Bryant,Georgia,Undrafted,None,None,2003
Kirby Freeman,Miami (FL)Baylor,Undrafted,San Francisco 49ers[39],2006 MPC Computers BowlMVP,2003
Brian Hildebrand,Oregon StateMt. San AntonioNebraska[40]Humboldt State[41],Undrafted,None,None,2003
Cornelius Ingram,Florida,2009 Rd. 5(Drafted as TE),Philadelphia EaglesDetroit LionsDenver Broncos,"2x National Champion (2006, 2008)",2003
Nate Longshore,California,Undrafted,None,2006 Holiday BowlCo-Offensive MVP,2003
Anthony Morelli,Penn State,Undrafted,Arizona Cardinals,None,2003
Chase Patton,Missouri,Undrafted,None,None,2003
Bobby Reid,Oklahoma StateTexas Southern,Undrafted,None,None,2003
Matt Tuiasosopo,Washington,Undrafted,None,Elite 11 co-MVP,2003
Drew Weatherford,Florida State,Undrafted,None,None,2003
Harrison Beck,NebraskaNC StateNorth Alabama,Undrafted,None,None,2004
Jake Christensen,IowaEastern Illinois,Undrafted,None,None,2004
Joe Cox,Georgia,Undrafted,None,None,2004
Jonathan Crompton,Tennessee,2010 Rd. 5,San Diego ChargersNew England PatriotsTampa Bay BuccaneersWashington Redskins[43],None,2004
Chase Daniel,Missouri,Undrafted,Washington RedskinsNew Orleans SaintsKansas City ChiefsPhiladelphia Eagles[44]Chicago Bears[45]Detroit LionsLos Angeles Chargers,2007Heisman TrophyFinalist2007Big 12 Offensive Player of the Year,2004
Jonathan Garner,Georgia TechMarshall,Undrafted,None,None,2004
Arkelon Hall,Washington StateCollege of the SequoiasMemphis,Undrafted,None,None,2004
Ryan Perrilloux,LSUJacksonville State[46],Undrafted,New York Giants[46],2004Hall Trophy2004 USA Today National Offensive High School Player of the Year2007 National Champion,2004
Kyle Reed,CaliforniaSan Jose State,Undrafted,None,None,2004
Mark Sanchez,USC,2009 Rd. 1,New York JetsPhiladelphia EaglesDenver BroncosDallas CowboysChicago Bears[47]Washington Redskins,Elite 11 MVP2008 All-Pac-10 First Team2009 Rose BowlOffensive MVP,2004
Rob Schoenhoft,Ohio StateDelaware[48],Undrafted,None,None,2004
Willie Tuitama,Arizona,Undrafted,None,2008 Las Vegas BowlMVP,2004
Neil Caudle,Auburn,Undrafted,None,2010 National Champion,2005
Pat Devlin,Penn StateDelaware[50],Undrafted,Miami DolphinsMinnesota VikingsChicago BearsCleveland Browns[50],2010CAAOffensive Player of the Year2010ECACAll-East Offensive Player of the Year,2005
Zach Frazer,Notre DameConnecticut,Undrafted,None,None,2005
Josh Freeman,Kansas State,2009 Rd. 1,Tampa Bay BuccaneersMinnesota VikingsNew York GiantsMiami DolphinsIndianapolis Colts[51],None,2005
Cody Hawkins,Colorado,Undrafted,None,None,2005
Jake Locker,Washington,2011 Rd. 1,Tennessee Titans[52],2007Pac-10 Freshman of the Year,2005
Mitch Mustain,ArkansasUSC[53],Undrafted,None,2005Hall Trophy2005 USA Today National Offensive High School Player of the Year2006Gatorade National Player of the Year,2005
Kevin Riley,California,Undrafted,None,2007 Armed Forces BowlMVP,2005
Jevan Snead,TexasOle Miss[54],Undrafted,Tampa Bay Buccaneers[54],None,2005
Matthew Stafford,Georgia,2009 Rd. 1,Detroit Lions[55]Los Angeles Rams[56],"Elite 11 MVP2006 Chick-fil-A BowlMVP2008 All-SEC Second Team by Coaches and AP2009 Capital One BowlMVP2009 NFL DraftNumber One Overall Selection2011 4th quarterback in NFL history to throw over 5,000 yards in a single seasonSuper Bowl Champion",2005
Tim Tebow,Florida,2010 Rd. 1,Denver BroncosNew York JetsNew England PatriotsPhiladelphia Eagles[57]Jacksonville Jaguars(TE),"2007Heisman Trophy2007Associated Press College Football Player of the Year Award2007College Football Quarterback of the Year Award2xMaxwell Award(2007, 2008)2007Davey O'Brien Award2007Sullivan Award2008Manning Award2008Wuerffel Trophy2x National Champion (2006, 2008)2008, 2009Heisman TrophyFinalist2009 BCS National Championship GameMVP2010 Sugar BowlMVP",2005
Isiah Williams,Illinois,Undrafted,None,2008 All-Big Ten Second Team by Media,2005
Rontrell Bailey,Ouachita BaptistArkansas–Pine Bluff,Undrafted,None,None,2006
John Brantley,Florida,Undrafted,Baltimore Ravens,Elite 11 MVP2007Gatorade National Player of the Year2008 National Champion,2006
Aaron Corp,USCRichmond[59],Undrafted,Buffalo BillsDallas CowboysMiami Dolphins[59],None,2006
Stephen Garcia,South Carolina,Undrafted,None,None,2006
Logan Gray,GeorgiaColorado,Undrafted,None,None,2006
Willy Korn,ClemsonMarshall[60]North Greenville[61],Undrafted,None,None,2006
Peter Lalich,VirginiaOregon StateCalifornia (PA)[62],Undrafted,None,None,2006
Jarrett Lee,LSU,Undrafted,San Diego Chargers,2007 National Champion,2006
Ryan Mallett,MichiganArkansas,2011 Rd. 3,New England PatriotsHouston TexansBaltimore Ravens[63],2010 Premier Player of College Football Trophy Winner2009 All-SEC Second Team by Coaches and AP2010 Liberty BowlMVP2010 All-SEC Second Team by Coaches and AP,2006
Brock Mansion,California,Undrafted,None,None,2006
Keith Nichol,OklahomaMichigan State,Undrafted,None,None,2006
Tyrod Taylor,Virginia Tech,2011 Rd. 6,Baltimore RavensBuffalo BillsCleveland Browns[64]Los Angeles ChargersHouston TexansNew York Giants,2010ACC Football Player of the Year2010ACC Offensive Player of the YearSuper Bowl XLVIIChampion,2006
Nick Crissman,UCLA,Undrafted,None,None,2007
Dayne Crist,Notre DameKansas[66],Undrafted,Baltimore Ravens[66],None,2007
Blaine Gabbert,Missouri,2011 Rd. 1,Jacksonville JaguarsSan Francisco 49ersArizona Cardinals[67]Tennessee TitansTampa Bay Buccaneers,Elite 11 MVPSuper Bowl champion (2020),2007
Mike Glennon,NC State,2013 Rd. 3,Tampa Bay BuccaneersChicago BearsArizona Cardinals[68]Tennessee TitansTampa Bay BuccaneersJacksonville JaguarsNew York Giants,None,2007
Jacory Harris,Miami (FL),Undrafted,Philadelphia Eagles,None,2007
Star Jackson,AlabamaGeorgia State,Undrafted,None,None,2007
Landry Jones,Oklahoma,2013 Rd. 4,Pittsburgh Steelers[69]Jacksonville JaguarsOakland Raiders,2010Sammy Baugh Trophy2011 Fiesta BowlOffensive MVP,2007
Andrew Luck,Stanford,2012 Rd. 1,Indianapolis Colts[70],"2010Heisman TrophyFinalist2011 Orange BowlMVP2011Heisman TrophyFinalist2011Maxwell Award2011Walter Camp Award2011Johnny Unitas Golden Arm Award2xPac-12 Offensive Player of the Year(2010, 2011)2012 NFL DraftNumber One Overall Selection",2007
EJ Manuel,Florida State,2013 Rd. 1,Buffalo BillsOakland Raiders[71],2010 Gator BowlMVP2012 All-ACC Second Team by Coaches and Media,2007
Kyle Parker,Clemson,Undrafted,None,None,2007
Sean Renfree,Duke,2013 Rd. 7,Atlanta FalconsTampa Bay Buccaneers[72],None,2007
John Wienke,Iowa,Undrafted,None,None,2007
Tajh Boyd,Clemson,2014 Rd. 6,New York JetsPittsburgh Steelers,2011 All-ACC First Team2012ACC Football Player of the Year2012ACC Offensive Player of the Year,2008
Richard Brehaut,UCLA,Undrafted,None,None,2008
Allan Bridgford,CaliforniaSouthern Miss,Undrafted,None,None,2008
Raymond Cotton,Ole MissSouth AlabamaMississippi Gulf Coast CCBelhavenMississippi College[74],Undrafted,None,None,2008
Garrett Gilbert,TexasSMU,2014 Rd. 6,St. Louis RamsNew England PatriotsDetroit LionsOakland RaidersCarolina Panthers[75]Cleveland BrownsDallas Cowboys,2008 USA Today National Offensive High School Player of the Year2009Gatorade National Player of the Year,2008
Andrew Maxwell,Michigan State,Undrafted,None,None,2008
A. J. McCarron,Alabama,2014 Rd. 5,Cincinnati BengalsBuffalo Bills[76]Oakland RaidersHouston TexansAtlanta Falcons,"2012 BCS National Championship GameOffensive MVP2013 Maxwell Award Winner2013 Heisman Trophy Finalist2013 Johnny Unitas Golden Arm Award Winner2012 All-SEC Second Team by CoachesAP 3 time national champion (2009, 2011, 2012)",2008
Zach Mettenberger,GeorgiaButler CCLSU[77],2014 Rd. 6,Tennessee TitansSan Diego ChargersPittsburgh Steelers[78],None,2008
Aaron Murray,Georgia,2014 Rd. 5,Kansas City ChiefsArizona CardinalsPhiladelphia EaglesLos Angeles Rams[79],"Elite 11 MVP2011 All-SEC Second Team by Coaches and AP2013 Capital One Bowl MVPAll-time SEC Passing Touchdown LeaderAll-time SEC Career Passing Yards LeaderFirst SEC QB to pass for 3,000yds in 4 straight seasons",2008
Bryn Renner,North Carolina,Undrafted,Denver BroncosBaltimore RavensTennessee TitansSan Diego ChargersPittsburgh Steelers[80],None,2008
Tom Savage,RutgersArizonaPittsburgh[81],2014 Rd. 4,Houston Texans[82]New Orleans SaintsSan Francisco 49ersCincinnati BengalsDetroit Lions,None,2008
Geno Smith,West Virginia,2013 Rd. 2,New York JetsNew York GiantsLos Angeles Chargers[83]Seattle Seahawks,2010 All-Big East Conference Second Team2011 All-Big East Conference First Team2012 Orange BowlMost Valuable Player2012 All-Big 12 Conference Second Team2022 NFL Completion Percentage leader2022 Pro BowlSelection2022 NFL Comeback Player of the Year,2008
Blake Bell,Oklahoma,2015 Rd. 4(Drafted asTE),San Francisco 49ersMinnesota Vikings[86]Jacksonville JaguarsDallas CowboysKansas City Chiefs,2011 Insight BowlOffensive MVP,
Joe Boisture,Michigan StateSaginaw Valley State,Undrafted,None,None,2009
Rob Bolden,Penn StateLSUEastern Michigan[87],Undrafted,None,None,2009
Tyler Bray,Tennessee,Undrafted,Kansas City ChiefsChicago Bears[88],None,2009
Barry Brunetti,West VirginiaOle Miss,Undrafted,None,None,2009
Devin Gardner,Michigan,Undrafted,New England PatriotsPittsburgh Steelers,None,2009
Jake Heaps,BYUKansasMiami (FL)[89],Undrafted,New York JetsSeattle Seahawks[89],Elite 11 MVP2010 New Mexico BowlMVP,2009
Austin Hinder,California,Undrafted,None,None,2009
Nick Montana,WashingtonMt. San AntonioTulane[90],Undrafted,None,None,2009
Jesse Scroggins,USCEl CaminoArizonaLindenwood[91],Undrafted,None,None,2009
Phillip Sims,AlabamaVirginiaWinston-Salem State[92],Undrafted,Arizona CardinalsSeattle Seahawks[92],None,2009
Chandler Whitmer,IllinoisButler CCConnecticut[93],Undrafted,None,None,2009
Archie Bradley,Oklahoma[95],Undrafted,None,NA,2010
Teddy Bridgewater,Louisville,2014 Rd. 1,Minnesota VikingsNew York Jets[96]New Orleans SaintsCarolina PanthersDenver BroncosMiami Dolphins,2011Big East Rookie of the Year2012Big East Offensive Player of the Year,2010
Evan Crower,Stanford,Undrafted,None,None,2010
Jeff Driskel,FloridaLouisiana Tech,2016 Rd. 6,San Francisco 49ersCincinnati Bengals[97]Detroit LionsDenver BroncosHouston Texans,Elite 11 MVP,2010
Phillip Ely,AlabamaToledo,Undrafted,None,None,2010
Kiehl Frazier,AuburnOuachita Baptist[98],Undrafted,None,None,2010
Everett Golson,Notre DameFlorida State,Undrafted,None,None,2010
Cody Kessler,USC,2016 Rd. 3,Cleveland BrownsJacksonville JaguarsPhiladelphia EaglesNew England Patriots,None,2010
Adam Pittser,WyomingIllinois State,Undrafted,None,None,2010
DaMarcus Smith,Western KentuckyButler CC[99]North Texas[100]Kentucky Wesleyan[101],Undrafted,None,None,2010
Kendal Thompson,OklahomaUtah,Undrafted,Washington RedskinsLos Angeles Rams,None,2010
J.W. Walsh,Oklahoma State,Undrafted,None,2012Big 12 Freshman Offensive Player of the Year,2010
Austin Appleby,PurdueFlorida,Undrafted,Dallas Cowboys[103],None,2011
Neal Burcham,SMU,Undrafted,None,Elite 11 co-MVP,2011
Shane Dillon,ColoradoCuyamaca[104]Metro State[105][106],Undrafted,None,None,2011
Bart Houston,Wisconsin[107],Undrafted,Pittsburgh Steelers[107],None,2011
Chad Kelly,ClemsonEast Mississippi CCOle Miss[108],2017 Rd. 7,Denver BroncosIndianapolis Colts,2014 NJCAA National Champion,2011
Zach Kline,CaliforniaButteIndiana StateFresno State[109],Undrafted,None,None,2011
Jeff Lindquist,Washington,Undrafted,None,None,2011
Tanner Mangum,BYU,Undrafted,None,Elite 11 co-MVP2015 Touchdown Club of Columbus Freshman of the Year,2011
Zeke Pike,AuburnLouisvilleMurray State[110],Undrafted,None,None,2011
Chad Voytik,PittsburghArkansas State,Undrafted,None,None,2011
Jameis Winston,Florida State,2015 Rd. 1,Tampa Bay BuccaneersNew Orleans Saints,Elite 11 co-MVP2013 Heisman Trophy2013 Davey O'Brien National Quarterback Award2013 Walter Camp Football Foundation Award2013 Manning Award2013 ACC Player of the Year2013 ACC Rookie of the Year2013 Sporting News Player of the Year2013 Consensus All-American2013 AP National Player of the Year2014 ACC Athlete of the Year2014 BCS National Champion2014 BCS National Championship Offensive MVP2015 NFL DraftNumber One Overall Selection2015 NFL Pro Bowl,2011
Max Browne,USCPittsburgh,Undrafted,None,None,2012
Shane Cockerille,Maryland,Undrafted,None,None,2012
Luke Del Rio,AlabamaOregon StateFlorida[112],Undrafted,None,None,2012
Joshua Dobbs,Tennessee,2017 Rd. 4,Pittsburgh SteelersJacksonville JaguarsArizona Cardinals,2015 TaxSlayer Bowl MVP,2012
Jared Goff,California,2016 Rd. 1,Los Angeles RamsDetroit Lions,2017 Pro Bowl2018 Pro Bowl2015 Armed Forces Bowl (December) MVP2022 Pro Bowl,2012
Zack Greenlee,Fresno StateUTEP,Undrafted,None,None,2012
Christian Hackenberg,Penn State,2016 Rd. 2,New York JetsOakland RaidersPhiladelphia EaglesCincinnati Bengals,2013 Big Ten Thompson–Randle El Freshman of the Year,2012
Kevin Olsen,Miami (FL)TowsonGarden City CCRiverside CityCharlotte[113],Undrafted,None,None,2012
Johnny Stanton,NebraskaSaddlebackUNLV[114],Undrafted,Minnesota VikingsCleveland Browns,None,2012
Asiantii Woulard,UCLASouth FloridaClarion (PA)[115],Undrafted,None,Elite 11 MVP,2012
Malik Zaire,Notre DameFlorida[116],Undrafted,None,None,2012
Kyle Allen,Texas A&MHouston,Undrafted,Carolina PanthersWashington RedskinsHouston Texans,2014 Liberty BowlMVP,2013
Drew Barker,Kentucky,Undrafted,None,None,2013
David Blough,Purdue,Undrafted,Cleveland BrownsDetroit Lions,None,2013
K. J. Carta-Samuels,WashingtonColorado State,Undrafted,None,None,2013
Will Grier,FloridaWest Virginia,2019 Rd. 3,Carolina PanthersDallas Cowboys,Second Team All-Big 12 (2018),2013
Jerrod Heard,Texas,Undrafted,None,None,2013
Brad Kaaya,Miami (FL),2017 Rd. 6,Detroit LionsCarolina PanthersIndianapolis ColtsCincinnati Bengals,2014 ACC Freshman of the Year,2013
Jacob Park,GeorgiaTrident TechNortheastern Oklahoma A&MIowa State[119],Undrafted,None,None,2013
Luke Rubenzer,California,Undrafted,None,None,2013
Deshaun Watson,Clemson,2017 Rd. 1,Houston TexansCleveland Browns,2015Heisman TrophyFinalist2016Heisman TrophyFinalist2015 Davey O'Brien National Quarterback Award2016 Davey O'Brien National Quarterback Award2015 Manning Award2016 Manning Award2015 ACC Player of the Year2016 Johnny Unitas Golden Arm AwardCFP national champion(2016)2017 College Football Playoff National Championship Offensive MVP,2013
Sean White,Auburn,Undrafted,None,Elite 11 MVPUA All-America game MVP,2013
Blake Barnett,AlabamaPalomarArizona StateSouth Florida,Undrafted,None,Elite 11 MVP,2014
Deondre Francois,Florida StateHampton,Undrafted,None,ACC Rookie of the Year(2016)ACC Offensive Rookie of the Year(2016),2014
Ben Hicks,SMUArkansas,Undrafted,None,"SMU's career leader in passing yards (9,081 yards)SMU's career leader in passing touchdowns (71)",2014
Travis Jonsen,OregonRiverside CityMontana State,Undrafted,None,None,2014
Drew Lock,Missouri,2019 Rd. 2,Denver BroncosSeattle Seahawks,SEC single season passing touchdown record (44) (2017)FBS passing touchdowns leader (2017)First-Team All-SEC (2017)Second-Team All-SEC (2018),2014
Kyler Murray,Texas A&MOklahoma[120],2019 Rd. 1,Arizona Cardinals,Gatorade Football Player of the Year(2014)USA TodayOffensive Player of the Year (2014)Heisman Trophy(2018)Davey O'Brien Award(2018)Associated Press Player of the Year(2018)Big 12 Offensive Player of the Year(2018)First-teamAll-American(2018)First-team All-Big 12(2018)Number One Overall Selection,2014
Josh Rosen,UCLA,2018 Rd. 1,Arizona CardinalsMiami DolphinsTampa Bay BuccaneersSan Francisco 49ersAtlanta Falcons,Pac-12 Offensive Freshman of the Year(2015)Second-teamAll-Pac-12(2017),2014
Jarrett Stidham,BaylorMcLennan CCAuburn[121],2019 Rd. 4,New England Patriots,SEC Newcomer of the Year(2017)First-team All-SEC(2017),2014
Ricky Town,USCArkansasVenturaPittsburgh[122],Undrafted,None,None,2014
Brady White,Arizona StateMemphis[123],Undrafted,None,None,2014
Brandon Wimbush,Notre DameUCF,Undrafted,None,None,2014
Shane Buechele,TexasSMU,Undrafted,Kansas City Chiefs,First-team All-AAC(2019),2015
K. J. Costello,StanfordMississippi State,Undrafted,Los Angeles Chargers,Second-team All-Pac-12(2018),2015
Jacob Eason,GeorgiaWashington[126],2020 Rd. 4,Indianapolis ColtsSeattle Seahawks,Gatorade Football Player of the Year(2015)USA TodayOffensive Player of the Year (2015)SEC Champion(2017)Rose Bowl Runner Up(2018),2015
Feleipe Franks,FloridaArkansas,Undrafted,Atlanta Falcons,2018 Peach Bowl Offensive MVP,2015
Jarrett Guarantano,TennesseeWashington State,Undrafted,Arizona Cardinals,None,2015
Dwayne Haskins,Ohio State,2019 Rd. 1,Washington Redskins / Football TeamPittsburgh Steelers,2018 Heisman Trophy Finalist2018 Rose Bowl MVPFirst team All-Big Ten (2018)Graham–George Offensive Player of the Year (2018),2015
Malik Henry,Florida StateIndependence CCNevada,Undrafted,None,None,2015
Brandon McIlwain,South CarolinaCalifornia,Undrafted,None,None,2015
Shea Patterson,Ole MissMichigan,Undrafted,Kansas City Chiefs,Elite 11 MVPThird-team All-Big Ten(2018),2015
Brandon Peters,MichiganIllinois,Undrafted,None,Indiana's Mr. Football(2015),2015
Anthony Russo,TempleMichigan State,Undrafted,None,None,2015
Myles Brennan,LSU,Undrafted,None,2019 SEC Champion2020 National Champion,2016
Sean Clifford,Penn State,2023 Rd. 5,Green Bay Packers,None,2016
Tommy DeVito,SyracuseIllinois,Undrafted,New York Giants,None,2016
Sam Ehlinger,Texas,2021 Rd. 6,Indianapolis Colts,2019 Sugar Bowl MVP2019 Alamo Bowl MVPSecond-team All-Big 12 Conference(2020),2016
Jake Fromm,Georgia,2020 Rd. 5,Buffalo BillsNew York GiantsWashington Commanders,SEC Champion(2017)SEC Freshman Player of the Year(2017)2018 Rose Bowl winner,2016
Hunter Johnson,ClemsonNorthwesternClemson,Undrafted,None,2017 US Army All-American Bowl MVP2016 Indiana Mr. Football Award,2016
Tate Martell,Ohio StateMiamiUNLV,Undrafted,None,"2× USA Today All-American (2014, 2016)Gatorade Football Player of the Year(2016)USA TodayOffensive Player of the Year (2016)2019 Rose Bowl ChampionCotton Bowl Classic Champion(2017)2×Big Ten Champion(2017), (2018)",2016
Dylan McCaffrey,MichiganNorthern Colorado,Undrafted,None,None,2016
Davis Mills,Stanford,2021 Rd. 3,Houston Texans,None,2016
Chris Robison,OklahomaFlorida Atlantic,Undrafted,None,First team All-Conference USA(2019),2016
Jack Sears,USCBoise State,Undrafted,None,None,2016
Tua Tagovailoa,Alabama,2020 Rd. 1,Miami Dolphins,Elite 11 MVPHeisman trophyrunner-up (2018)CFP National Champion(2017)2018 CFP National Championship Offensive MVPMaxwell Award(2018)Walter Camp Award(2018)SEC Offensive Player of the Year(2018)First-Team All-SEC(2018)ConsensusAll-American(2018)2018 Orange BowlOffensive MVPSecond Team All-SEC(2019),2016
Gerry Bohanon,BaylorSouth Florida,In School,None,Davey O’Brien Award’s Quarterback Class of 2021,2017
Cammon Cooper,Washington StateHawaiiSoutheastern Louisiana,In School,None,None,2017
Matt Corral,Ole Miss,2022 Rd. 3,Carolina Panthers,2021 Outback Bowl(MVP),2017
Justin Fields,GeorgiaOhio State,2021 Rd. 1,Chicago Bears,"Elite 11 MVPSEC East Champion (2018)Heisman Trophy– Third Place  (2019)Big Ten Offensive Player of the Year(2019)Big Ten Quarterback of the Year(2019)First Team All Big Ten (2019,2020)Big Ten Champion (2019)Big Ten Championship MVP (2019)",2017
Trevor Lawrence,Clemson,2021 Rd. 1,Jacksonville Jaguars,"Hall Trophy(2017)USA Today Offensive Player of the Year(2017)ACC Rookie of the Year(2018)ACC Offensive Rookie of the Year(2018)2019 CFP National Champion(2019)Second team All-ACC (2018)2×ACC Champion(2018,2019)First team All-ACC (2019,2020)Number One Overall Selection",2017
Devin Leary,NC StateKentucky,In School,None,None,2017
Tanner McKee,Stanford,2023 Rd. 6,Philadelphia Eagles,None,2017
Quincy Patterson II,Virginia TechNorth Dakota StateTemple,In School,None,None,2017
Justin Rogers,TCUUNLV,Undrafted,None,None,2017
Tyler Shough,OregonTexas Tech,In School,None,2020 Rose Bowl Champion,2017
Dorian Thompson-Robinson,UCLA,2023 Rd. 5,Cleveland Browns,"2x Second-team All-Pac-12 (2020, 2021)",2017
Jack Tuttle,UtahIndianaMichigan,In School,None,None,2017
Jarren Williams,Miami (FL)South FloridaAlabama A&M,Undrafted,None,None,2017
Zach Calzada,Texas A&MAuburnIncarnate Word,In School,None,None,2018
Jayden Daniels,Arizona StateLSU,In School,None,2023 Heisman Trophy,2018
Max Duggan,TCU,2023 Rd. 7,Los Angeles Chargers,Davey O'Brien Award(2022)Johnny Unitas Golden Arm Award(2022)Big 12Offensive Player of the Year (2022)Second-teamAll-American(2022)First-team All-Big 12 (2022),2018
Ty Evans,NC StateTexas State,In School,None,None,2018
Grant Gunnell,ArizonaMemphisNorth TexasSam Houston,In School,None,USA Today All-American (2018),2018
Ryan Hilinski,South CarolinaNorthwestern,In School,None,None,2018
Sam Howell,North Carolina,2022 Rd. 5,Washington Commanders,Second-team All-ACC (2020)Third-team All-ACC (2019)ACC Rookie of the Year (2019)USA Today Freshman All-American (2019)Military Bowl MVP (2019),2018
D'Wan Mathis,GeorgiaTemple,In School,None,None,2018
Brian Maurer,TennesseeStephen F. Austin,In School,None,None,2018
Cade McNamara,MichiganIowa,In School,None,Third-team All-Big Ten (2021),2018
Graham Mertz,WisconsinFlorida,In School,None,None,2018
Dylan Morris,Washington,In School,None,None,2018
Bo Nix,AuburnOregon,In School,None,Alabama Mr. Football (2018)USA Today All-American (2018)SEC Freshman of the Year (2019),2018
Spencer Rattler,OklahomaSouth Carolina,In School,None,"Elite 11 MVP2x Big 12 Champion (2019, 2020)Big 12 Championship MVP (2020)First-team All-Big 12 (2020)",2018
Taulia Tagovailoa,AlabamaMaryland,In School,None,None,2018
Paul Tyson,AlabamaArizona StateClemson,In School,None,2021 CFP National Champion,2018
Harrison Bailey,TennesseeUNLVLouisville,In School,None,None,2019
Carson Beck,Georgia,In School,None,None,2019
Hudson Card,TexasPurdue,In School,None,None,2019
Jacolby Criswell,North CarolinaArkansas,In School,None,2019–20 Arkansas Gatorade Player of the Year,2019
Hunter Dekkers,Iowa State,In School,None,2019–20 Iowa Gatorade Player of the Year,2019
Luke Doty,South Carolina,In School,None,South Carolina's Mr. Football (2019),2019
Tyler Van Dyke,Miami (FL),In School,None,None,2019
T. J. Finley,LSUAuburnTexas State,In School,None,None,2019
Ethan Garbers,WashingtonUCLA,In School,None,None,2019
Haynes King,Texas A&MGeorgia Tech,In School,None,None,2019
Chandler Morris,OklahomaTCU,In School,None,None,2019
Sol-Jay Maiava,BYU,In School,None,None,2019
Drew Pyne,Notre DameArizona State,In School,None,None,2019
Jeff Sims,Georgia TechNebraska,In School,None,None,2019
C. J. Stroud,Ohio State,2023 Rd. 1,Houston Texans,Elite 11 MVP2021 Heisman Trophy Finalist,2019
Bryce Young,Alabama,2023 Rd. 1,Carolina Panthers,2019–20 California Gatorade Player of the Year2021 CFP National ChampionUSA Today Offensive Player of the Year (2019)USA Today High School All-American(2019)2021 Heisman Trophy Winner,2019
Tyler Buchner,Notre DameAlabama,In School,None,None,2020
Kyron Drones,BaylorVirginia Tech,In School,None,None,2020
Tyler Macon,MissouriAlcorn State,In School,None,None,2020
Drake Maye,North Carolina,In School,None,None,2020
J. J. McCarthy,Michigan,In School,None,2023 Heisman Trophy Finalist,2020
Kyle McCord,Ohio State,In School,None,None,2020
Miller Moss,USC,In School,None,None,2020
Garrett Nussmeier,LSU,In School,None,None,2020
Kaidon Salter,TennesseeLiberty,In School,None,None,2020
Ty Thompson,Oregon,In School,None,None,2020
Brock Vandagriff,Georgia,In School,None,None,2020
Caleb Williams,OklahomaUSC,In School,None,Elite 11 MVPSecond team All-Big 12 (2021)USA Today High School All-American (2019)2022 Heisman Trophy Winner,2020
Drew Allar,Penn State,In School,None,None,2021
Devin Brown,Ohio State,In School,None,None,2021
Nick Evers,OklahomaWisconsin,In School,None,None,2021
Quinn Ewers,Ohio StateTexas,In School,None,None,2021
Katin Houser,Michigan State,In School,None,None,2021
Walker Howard,LSUOle Miss,In School,None,None,2021
Cade Klubnik,Clemson,In School,None,Elite 11 MVPU.S. Army Player of the Year Award(2021),2021
Maalik Murphy,Texas,In School,None,None,2021
Zach Pyron,Georgia Tech,In School,None,None,2021
Luther Richesson,Cincinnati,In School,None,None,2021
Ty Simpson,Alabama,In School,None,None,2021
Conner Weigman,Texas A&M,In School,None,None,2021
Jackson Arnold,Oklahoma,In School,None,Elite 11 MVP,2022
Pierce Clarkson,Louisville,In School,None,None,2022
Eli Holstein,Alabama,In School,None,None,2022
Avery Johnson,Kansas State,In School,None,None,2022
JJ Kohl,Iowa State,In School,None,None,2022
Kenny Minchey,Notre Dame,In School,None,None,2022
Dante Moore,Oregon,In School,None,None,2022
Malachi Nelson,USC,In School,None,None,2022
Austin Novosad,Oregon,In School,None,None,2022
Chris Parson,Mississippi State,In School,None,None,2022
Malachi Singleton,Arkansas,In School,None,None,2022
Jaxon Smolik*,Penn State,In School,None,None,2022
Christopher Vizzina,Clemson,In School,None,None,2022
Elijah Brown,Stanford,In School,None,None,2023
Jadyn Davis,Michigan,In School,None,None,2023
Dylan Raiola,Nebraska,In School,None,None,2023
Julian Sayin,Alabama,In School,None,Elite 11 MVP,2023
C.J. Carr,Notre Dame,In School,None,None,2023
Daniel Kaelin,Nebraska,In School,None,None,2023
Air Noland,Ohio State,In School,None,None,2023
Demond Williams,Arizona,In School,None,None,2023
Colin Hurley,LSU,In School,None,None,2023
Trever Jackson,Ole Miss,In School,None,None,2023
DJ Lagaway,Florida,In School,None,None,2023
Luke Kromenhoek,Florida State,In School,None,None,2023
Ethan Grunkemeyer,Penn State,In School,None,None,2023
Hauss Hejny,TCU,In School,None,None,2023
Ryan Puglisi,Georgia,In School,None,None,2023
Isaac Wilson,Utah,In School,None,None,2023
Dante Reno,South Carolina,In School,None,None,2023
Michael Hawkins,Oklahoma,In School,None,None,2023
Will Hammond,Texas Tech,In School,None,None,2023
Danny O’Neil,Colorado,In School,None,None,2023
